"time","heart_rate"
2015-04-03 08:48:04,93
2015-04-03 08:48:09,98
2015-04-03 08:48:14,100
2015-04-03 08:48:19,101
2015-04-03 08:48:24,101
2015-04-03 08:48:29,101
2015-04-03 08:48:34,91
2015-04-03 08:48:39,90
2015-04-03 08:48:44,103
2015-04-03 08:48:49,103
2015-04-03 08:48:54,101
2015-04-03 08:48:59,105
2015-04-03 08:49:04,107
2015-04-03 08:49:09,105
2015-04-03 08:49:14,107
2015-04-03 08:49:19,106
2015-04-03 08:49:24,104
2015-04-03 08:49:29,94
2015-04-03 08:49:34,92
2015-04-03 08:49:39,92
2015-04-03 08:49:44,94
2015-04-03 08:49:49,92
2015-04-03 08:49:54,87
2015-04-03 08:49:59,99
2015-04-03 08:50:04,102
2015-04-03 08:50:09,98
2015-04-03 08:50:14,105
2015-04-03 08:50:19,103
2015-04-03 08:50:24,105
2015-04-03 08:50:29,101
2015-04-03 08:50:34,97
2015-04-03 08:50:39,104
2015-04-03 08:50:44,103
2015-04-03 08:50:49,101
2015-04-03 08:50:54,101
2015-04-03 08:50:59,88
2015-04-03 08:51:04,85
2015-04-03 08:51:09,84
2015-04-03 08:51:14,82
2015-04-03 08:51:19,84
2015-04-03 08:51:24,82
2015-04-03 08:51:29,84
2015-04-03 08:51:34,89
2015-04-03 08:51:39,87
2015-04-03 08:51:44,90
2015-04-03 08:51:49,86
2015-04-03 08:51:54,90
2015-04-03 08:51:59,86
2015-04-03 08:52:04,82
2015-04-03 08:52:09,83
2015-04-03 08:52:14,86
2015-04-03 08:52:19,83
2015-04-03 08:52:24,78
2015-04-03 08:52:29,86
2015-04-03 08:52:34,86
2015-04-03 08:52:39,87
2015-04-03 08:52:44,95
2015-04-03 08:52:49,93
2015-04-03 08:52:54,87
2015-04-03 08:52:59,89
2015-04-03 08:53:04,84
2015-04-03 08:53:09,89
2015-04-03 08:53:14,87
2015-04-03 08:53:19,84
2015-04-03 08:53:24,86
2015-04-03 08:53:29,88
2015-04-03 08:53:34,86
2015-04-03 08:53:39,89
2015-04-03 08:53:44,89
2015-04-03 08:53:49,89
2015-04-03 08:53:54,83
2015-04-03 08:53:59,83
2015-04-03 08:54:04,83
2015-04-03 08:54:09,82
2015-04-03 08:54:14,82
2015-04-03 08:54:19,78
2015-04-03 08:54:24,80
2015-04-03 08:54:29,77
2015-04-03 08:54:34,83
2015-04-03 08:54:39,85
2015-04-03 08:54:44,80
2015-04-03 08:54:49,83
2015-04-03 08:54:54,89
2015-04-03 08:54:59,83
2015-04-03 08:55:04,82
2015-04-03 08:55:09,84
2015-04-03 08:55:14,84
2015-04-03 08:55:19,82
2015-04-03 08:55:24,81
2015-04-03 08:55:29,82
2015-04-03 08:55:34,83
2015-04-03 08:55:39,80
2015-04-03 08:55:44,78
2015-04-03 08:55:49,79
2015-04-03 08:55:54,78
2015-04-03 08:55:59,77
2015-04-03 08:56:04,78
2015-04-03 08:56:09,80
2015-04-03 08:56:14,79
2015-04-03 08:56:19,77
2015-04-03 08:56:24,79
2015-04-03 08:56:29,81
2015-04-03 08:56:34,81
2015-04-03 08:56:39,82
2015-04-03 08:56:44,85
2015-04-03 08:56:49,88
2015-04-03 08:56:54,96
2015-04-03 08:56:59,108
2015-04-03 08:57:04,112
2015-04-03 08:57:09,107
2015-04-03 08:57:14,103
2015-04-03 08:57:19,104
2015-04-03 08:57:24,107
2015-04-03 08:57:29,101
2015-04-03 08:57:34,97
2015-04-03 08:57:39,87
2015-04-03 08:57:44,83
2015-04-03 08:57:49,81
2015-04-03 08:57:54,89
2015-04-03 08:57:59,91
2015-04-03 08:58:04,86
2015-04-03 08:58:09,83
2015-04-03 08:58:14,82
2015-04-03 08:58:19,81
2015-04-03 08:58:24,82
2015-04-03 08:58:29,79
2015-04-03 08:58:34,79
2015-04-03 08:58:39,78
2015-04-03 08:58:44,85
2015-04-03 08:58:49,84
2015-04-03 08:58:54,82
2015-04-03 08:58:59,87
2015-04-03 08:59:04,88
2015-04-03 08:59:09,84
2015-04-03 08:59:14,79
2015-04-03 08:59:19,79
2015-04-03 08:59:24,79
2015-04-03 08:59:29,84
2015-04-03 08:59:34,83
2015-04-03 08:59:39,81
2015-04-03 08:59:44,81
2015-04-03 08:59:49,82
2015-04-03 08:59:54,81
2015-04-03 08:59:59,82
2015-04-03 09:00:04,81
2015-04-03 09:00:09,84
2015-04-03 09:00:14,86
2015-04-03 09:00:19,84
2015-04-03 09:00:24,82
2015-04-03 09:00:29,79
2015-04-03 09:00:34,78
2015-04-03 09:00:39,82
2015-04-03 09:00:44,83
2015-04-03 09:00:49,83
2015-04-03 09:00:54,88
2015-04-03 09:00:59,100
2015-04-03 09:01:04,101
2015-04-03 09:01:09,104
2015-04-03 09:01:14,99
2015-04-03 09:01:19,98
2015-04-03 09:01:24,94
2015-04-03 09:01:29,86
2015-04-03 09:01:34,86
2015-04-03 09:01:39,97
2015-04-03 09:01:44,95
2015-04-03 09:01:49,89
2015-04-03 09:01:54,83
2015-04-03 09:01:59,83
2015-04-03 09:02:04,85
2015-04-03 09:02:09,84
2015-04-03 09:02:14,82
2015-04-03 09:02:19,85
2015-04-03 09:02:24,92
2015-04-03 09:02:29,91
2015-04-03 09:02:34,92
2015-04-03 09:02:39,86
2015-04-03 09:02:44,82
2015-04-03 09:02:49,81
2015-04-03 09:02:54,87
2015-04-03 09:02:59,90
2015-04-03 09:03:04,87
2015-04-03 09:03:09,84
2015-04-03 09:03:14,86
2015-04-03 09:03:19,86
2015-04-03 09:03:24,85
2015-04-03 09:03:29,85
2015-04-03 09:03:34,85
2015-04-03 09:03:39,85
2015-04-03 09:03:44,87
2015-04-03 09:03:49,86
2015-04-03 09:03:54,87
2015-04-03 09:03:59,87
2015-04-03 09:04:04,88
2015-04-03 09:04:09,89
2015-04-03 09:04:14,86
2015-04-03 09:04:19,86
2015-04-03 09:04:24,92
2015-04-03 09:04:29,99
2015-04-03 09:04:34,94
2015-04-03 09:04:39,88
2015-04-03 09:04:44,83
2015-04-03 09:04:49,85
2015-04-03 09:04:54,85
2015-04-03 09:04:59,83
2015-04-03 09:05:04,82
2015-04-03 09:05:09,88
2015-04-03 09:05:14,92
2015-04-03 09:05:19,97
2015-04-03 09:05:24,98
2015-04-03 09:05:29,94
2015-04-03 09:05:34,101
2015-04-03 09:05:39,97
2015-04-03 09:05:44,103
2015-04-03 09:05:49,106
2015-04-03 09:05:54,112
2015-04-03 09:05:59,108
2015-04-03 09:06:04,109
2015-04-03 09:06:09,106
2015-04-03 09:06:14,89
2015-04-03 09:06:19,90
2015-04-03 09:06:24,81
2015-04-03 09:06:29,88
2015-04-03 09:06:34,90
2015-04-03 09:06:39,90
2015-04-03 09:06:44,95
2015-04-03 09:06:49,85
2015-04-03 09:06:54,93
2015-04-03 09:06:59,92
2015-04-03 09:07:04,84
2015-04-03 09:07:09,87
2015-04-03 09:07:14,84
2015-04-03 09:07:19,77
2015-04-03 09:07:24,94
2015-04-03 09:07:29,85
2015-04-03 09:07:34,86
2015-04-03 09:07:39,84
2015-04-03 09:07:44,85
2015-04-03 09:07:49,87
2015-04-03 09:07:54,90
2015-04-03 09:07:59,90
2015-04-03 09:08:04,91
2015-04-03 09:08:09,94
2015-04-03 09:08:14,90
2015-04-03 09:08:19,80
2015-04-03 09:08:24,80
2015-04-03 09:08:29,87
2015-04-03 09:08:34,96
2015-04-03 09:08:39,105
2015-04-03 09:08:44,115
2015-04-03 09:08:49,112
2015-04-03 09:08:54,106
2015-04-03 09:08:59,100
2015-04-03 09:09:04,97
2015-04-03 09:09:09,105
2015-04-03 09:09:14,106
2015-04-03 09:09:19,100
2015-04-03 09:09:24,95
2015-04-03 09:09:29,102
2015-04-03 09:09:34,104
2015-04-03 09:09:39,106
2015-04-03 09:09:44,94
2015-04-03 09:09:49,95
2015-04-03 09:09:54,80
2015-04-03 09:09:59,76
2015-04-03 09:10:04,77
2015-04-03 09:10:09,86
2015-04-03 09:10:14,82
2015-04-03 09:10:19,88
2015-04-03 09:10:24,108
2015-04-03 09:10:29,105
2015-04-03 09:10:34,110
2015-04-03 09:10:39,122
2015-04-03 09:10:44,109
2015-04-03 09:10:49,114
2015-04-03 09:10:54,124
2015-04-03 09:10:59,111
2015-04-03 09:11:04,95
2015-04-03 09:11:09,105
2015-04-03 09:11:14,104
2015-04-03 09:11:19,104
2015-04-03 09:11:24,104
2015-04-03 09:11:29,103
2015-04-03 09:11:34,108
2015-04-03 09:11:39,99
2015-04-03 09:11:44,95
2015-04-03 09:11:49,102
2015-04-03 09:11:54,108
2015-04-03 09:11:59,96
2015-04-03 09:12:04,100
2015-04-03 09:12:09,97
2015-04-03 09:12:14,102
2015-04-03 09:12:19,100
2015-04-03 09:12:24,98
2015-04-03 09:12:29,95
2015-04-03 09:12:34,95
2015-04-03 09:12:39,93
2015-04-03 09:12:44,85
2015-04-03 09:12:49,87
2015-04-03 09:12:54,85
2015-04-03 09:12:59,86
2015-04-03 09:13:04,85
2015-04-03 09:13:09,83
2015-04-03 09:13:14,88
2015-04-03 09:13:19,86
2015-04-03 09:13:24,77
2015-04-03 09:13:29,75
2015-04-03 09:13:34,77
2015-04-03 09:13:39,75
2015-04-03 09:13:44,86
2015-04-03 09:13:49,89
2015-04-03 09:13:54,89
2015-04-03 09:13:59,93
2015-04-03 09:14:04,90
2015-04-03 09:14:09,88
2015-04-03 09:14:14,89
2015-04-03 09:14:19,89
2015-04-03 09:14:24,91
2015-04-03 09:14:29,95
2015-04-03 09:14:34,89
2015-04-03 09:14:39,77
2015-04-03 09:14:44,85
2015-04-03 09:14:49,88
2015-04-03 09:14:54,94
2015-04-03 09:14:59,94
2015-04-03 09:15:04,91
2015-04-03 09:15:09,92
2015-04-03 09:15:14,88
2015-04-03 09:15:19,85
2015-04-03 09:15:24,78
2015-04-03 09:15:29,78
2015-04-03 09:15:34,80
2015-04-03 09:15:39,80
2015-04-03 09:15:44,82
2015-04-03 09:15:49,80
2015-04-03 09:15:54,85
2015-04-03 09:15:59,95
2015-04-03 09:16:04,93
2015-04-03 09:16:09,86
2015-04-03 09:16:14,76
2015-04-03 09:16:19,72
2015-04-03 09:16:24,75
2015-04-03 09:16:29,76
2015-04-03 09:16:34,78
2015-04-03 09:16:39,80
2015-04-03 09:16:44,82
2015-04-03 09:16:49,82
2015-04-03 09:16:54,88
2015-04-03 09:16:59,91
2015-04-03 09:17:04,89
2015-04-03 09:17:09,86
2015-04-03 09:17:14,80
2015-04-03 09:17:19,82
2015-04-03 09:17:24,85
2015-04-03 09:17:29,90
2015-04-03 09:17:34,88
2015-04-03 09:17:39,74
2015-04-03 09:17:44,71
2015-04-03 09:17:49,72
2015-04-03 09:17:54,72
2015-04-03 09:17:59,73
2015-04-03 09:18:04,74
2015-04-03 09:18:09,77
2015-04-03 09:18:14,77
2015-04-03 09:18:19,79
2015-04-03 09:18:24,76
2015-04-03 09:18:29,74
2015-04-03 09:18:34,74
2015-04-03 09:18:39,75
2015-04-03 09:18:44,80
2015-04-03 09:18:49,80
2015-04-03 09:18:54,81
2015-04-03 09:18:59,83
2015-04-03 09:19:04,84
2015-04-03 09:19:09,88
2015-04-03 09:19:14,88
2015-04-03 09:19:19,88
2015-04-03 09:19:24,86
2015-04-03 09:19:29,86
2015-04-03 09:19:34,86
2015-04-03 09:19:39,83
2015-04-03 09:19:44,77
2015-04-03 09:19:49,84
2015-04-03 09:19:54,87
2015-04-03 09:19:59,82
2015-04-03 09:20:04,82
2015-04-03 09:20:09,80
2015-04-03 09:20:14,83
2015-04-03 09:20:19,85
2015-04-03 09:20:24,83
2015-04-03 09:20:29,83
2015-04-03 09:20:34,84
2015-04-03 09:20:39,82
2015-04-03 09:20:44,83
2015-04-03 09:20:49,84
2015-04-03 09:20:54,82
2015-04-03 09:20:59,79
2015-04-03 09:21:04,79
2015-04-03 09:21:09,82
2015-04-03 09:21:14,82
2015-04-03 09:21:19,81
2015-04-03 09:21:24,82
2015-04-03 09:21:29,90
2015-04-03 09:21:34,92
2015-04-03 09:21:39,89
2015-04-03 09:21:44,90
2015-04-03 09:21:49,86
2015-04-03 09:21:54,88
2015-04-03 09:21:59,90
2015-04-03 09:22:04,90
2015-04-03 09:22:09,84
2015-04-03 09:22:14,79
2015-04-03 09:22:19,80
2015-04-03 09:22:24,75
2015-04-03 09:22:29,84
2015-04-03 09:22:34,87
2015-04-03 09:22:39,79
2015-04-03 09:22:44,82
2015-04-03 09:22:49,81
2015-04-03 09:22:54,77
2015-04-03 09:22:59,81
2015-04-03 09:23:04,83
2015-04-03 09:23:09,81
2015-04-03 09:23:14,81
2015-04-03 09:23:19,85
2015-04-03 09:23:24,83
2015-04-03 09:23:29,82
2015-04-03 09:23:34,82
2015-04-03 09:23:39,81
2015-04-03 09:23:44,78
2015-04-03 09:23:49,81
2015-04-03 09:23:54,82
2015-04-03 09:23:59,80
2015-04-03 09:24:04,79
2015-04-03 09:24:09,85
2015-04-03 09:24:14,80
2015-04-03 09:24:19,80
2015-04-03 09:24:24,83
2015-04-03 09:24:29,82
2015-04-03 09:24:34,90
2015-04-03 09:24:39,81
2015-04-03 09:24:44,80
2015-04-03 09:24:49,80
2015-04-03 09:24:54,75
2015-04-03 09:24:59,79
2015-04-03 09:25:04,79
2015-04-03 09:25:09,82
2015-04-03 09:25:14,84
2015-04-03 09:25:19,82
2015-04-03 09:25:24,80
2015-04-03 09:25:29,81
2015-04-03 09:25:34,81
2015-04-03 09:25:39,80
2015-04-03 09:25:44,79
2015-04-03 09:25:49,78
2015-04-03 09:25:54,85
2015-04-03 09:25:59,86
2015-04-03 09:26:04,86
2015-04-03 09:26:09,83
2015-04-03 09:26:14,91
2015-04-03 09:26:19,93
2015-04-03 09:26:24,79
2015-04-03 09:26:29,73
2015-04-03 09:26:34,71
2015-04-03 09:26:39,75
2015-04-03 09:26:44,89
2015-04-03 09:26:49,88
2015-04-03 09:26:54,76
2015-04-03 09:26:59,75
2015-04-03 09:27:04,86
2015-04-03 09:27:09,98
2015-04-03 09:27:14,100
2015-04-03 09:27:19,93
2015-04-03 09:27:24,83
2015-04-03 09:27:29,74
2015-04-03 09:27:34,73
2015-04-03 09:27:39,80
2015-04-03 09:27:44,88
2015-04-03 09:27:49,84
2015-04-03 09:27:54,80
2015-04-03 09:27:59,93
2015-04-03 09:28:04,94
2015-04-03 09:28:09,87
2015-04-03 09:28:14,85
2015-04-03 09:28:19,81
2015-04-03 09:28:24,84
2015-04-03 09:28:29,86
2015-04-03 09:28:34,87
2015-04-03 09:28:39,87
2015-04-03 09:28:44,83
2015-04-03 09:28:49,82
2015-04-03 09:28:54,83
2015-04-03 09:28:59,82
2015-04-03 09:29:04,83
2015-04-03 09:29:09,84
2015-04-03 09:29:14,81
2015-04-03 09:29:19,82
2015-04-03 09:29:24,81
2015-04-03 09:29:29,77
2015-04-03 09:29:34,76
2015-04-03 09:29:39,74
2015-04-03 09:29:44,73
2015-04-03 09:29:49,78
2015-04-03 09:29:54,83
2015-04-03 09:29:59,86
2015-04-03 09:30:04,86
2015-04-03 09:30:09,83
2015-04-03 09:30:14,81
2015-04-03 09:30:19,81
2015-04-03 09:30:24,81
2015-04-03 09:30:29,82
2015-04-03 09:30:34,88
2015-04-03 09:30:39,85
2015-04-03 09:30:44,93
2015-04-03 09:30:49,94
2015-04-03 09:30:54,87
2015-04-03 09:30:59,73
2015-04-03 09:31:04,75
2015-04-03 09:31:09,74
2015-04-03 09:31:14,83
2015-04-03 09:31:19,88
2015-04-03 09:31:24,86
2015-04-03 09:31:29,79
2015-04-03 09:31:34,82
2015-04-03 09:31:39,78
2015-04-03 09:31:44,75
2015-04-03 09:31:49,78
2015-04-03 09:31:54,78
2015-04-03 09:31:59,81
2015-04-03 09:32:04,81
2015-04-03 09:32:09,80
2015-04-03 09:32:14,82
2015-04-03 09:32:19,81
2015-04-03 09:32:24,81
2015-04-03 09:32:29,77
2015-04-03 09:32:34,76
2015-04-03 09:32:39,82
2015-04-03 09:32:44,86
2015-04-03 09:32:49,87
2015-04-03 09:32:54,91
2015-04-03 09:32:59,77
2015-04-03 09:33:04,76
2015-04-03 09:33:09,78
2015-04-03 09:33:14,76
2015-04-03 09:33:19,76
2015-04-03 09:33:24,81
2015-04-03 09:33:29,79
2015-04-03 09:33:34,78
2015-04-03 09:33:39,84
2015-04-03 09:33:44,90
2015-04-03 09:33:49,92
2015-04-03 09:33:54,89
2015-04-03 09:33:59,87
2015-04-03 09:34:04,87
2015-04-03 09:34:09,83
2015-04-03 09:34:14,77
2015-04-03 09:34:19,78
2015-04-03 09:34:24,85
2015-04-03 09:34:29,86
2015-04-03 09:34:34,87
2015-04-03 09:34:39,80
2015-04-03 09:34:44,89
2015-04-03 09:34:49,85
2015-04-03 09:34:54,76
2015-04-03 09:34:59,84
2015-04-03 09:35:04,85
2015-04-03 09:35:09,88
2015-04-03 09:35:14,85
2015-04-03 09:35:19,84
2015-04-03 09:35:24,84
2015-04-03 09:35:29,87
2015-04-03 09:35:34,86
2015-04-03 09:35:39,89
2015-04-03 09:35:44,83
2015-04-03 09:35:49,90
2015-04-03 09:35:54,82
2015-04-03 09:35:59,84
2015-04-03 09:36:04,85
2015-04-03 09:36:09,82
2015-04-03 09:36:14,83
2015-04-03 09:36:19,82
2015-04-03 09:36:24,88
2015-04-03 09:36:29,103
2015-04-03 09:36:34,98
2015-04-03 09:36:39,84
2015-04-03 09:36:44,71
2015-04-03 09:36:49,74
2015-04-03 09:36:54,78
2015-04-03 09:36:59,87
2015-04-03 09:37:04,90
2015-04-03 09:37:09,85
2015-04-03 09:37:14,82
2015-04-03 09:37:19,81
2015-04-03 09:37:24,82
2015-04-03 09:37:29,80
2015-04-03 09:37:34,78
2015-04-03 09:37:39,84
2015-04-03 09:37:44,83
2015-04-03 09:37:49,85
2015-04-03 09:37:54,81
2015-04-03 09:37:59,86
2015-04-03 09:38:04,87
2015-04-03 09:38:09,83
2015-04-03 09:38:14,75
2015-04-03 09:38:19,78
2015-04-03 09:38:24,76
2015-04-03 09:38:29,78
2015-04-03 09:38:34,81
2015-04-03 09:38:39,84
2015-04-03 09:38:44,84
2015-04-03 09:38:49,87
2015-04-03 09:38:54,83
2015-04-03 09:38:59,95
2015-04-03 09:39:04,92
2015-04-03 09:39:09,76
2015-04-03 09:39:14,76
2015-04-03 09:39:19,77
2015-04-03 09:39:24,81
2015-04-03 09:39:29,81
2015-04-03 09:39:34,79
2015-04-03 09:39:39,86
2015-04-03 09:39:44,82
2015-04-03 09:39:49,81
2015-04-03 09:39:54,89
2015-04-03 09:39:59,100
2015-04-03 09:40:04,100
2015-04-03 09:40:09,83
2015-04-03 09:40:14,74
2015-04-03 09:40:19,73
2015-04-03 09:40:24,73
2015-04-03 09:40:29,80
2015-04-03 09:40:34,81
2015-04-03 09:40:39,87
2015-04-03 09:40:44,88
2015-04-03 09:40:49,88
2015-04-03 09:40:54,84
2015-04-03 09:40:59,84
2015-04-03 09:41:04,83
2015-04-03 09:41:09,93
2015-04-03 09:41:14,93
2015-04-03 09:41:19,92
2015-04-03 09:41:24,81
2015-04-03 09:41:29,84
2015-04-03 09:41:34,84
2015-04-03 09:41:39,86
2015-04-03 09:41:44,89
2015-04-03 09:41:49,90
2015-04-03 09:41:54,92
2015-04-03 09:41:59,94
2015-04-03 09:42:04,97
2015-04-03 09:42:09,93
2015-04-03 09:42:14,89
2015-04-03 09:42:19,86
2015-04-03 09:42:24,90
2015-04-03 09:42:29,86
2015-04-03 09:42:34,86
2015-04-03 09:42:39,87
2015-04-03 09:42:44,87
2015-04-03 09:42:49,90
2015-04-03 09:42:54,89
2015-04-03 09:42:59,86
2015-04-03 09:43:04,86
2015-04-03 09:43:09,84
2015-04-03 09:43:14,90
2015-04-03 09:43:19,91
2015-04-03 09:43:24,85
2015-04-03 09:43:29,84
2015-04-03 09:43:34,83
2015-04-03 09:43:39,87
2015-04-03 09:43:44,89
2015-04-03 09:43:49,91
2015-04-03 09:43:54,95
2015-04-03 09:43:59,83
2015-04-03 09:44:04,83
2015-04-03 09:44:09,86
2015-04-03 09:44:14,88
2015-04-03 09:44:19,88
2015-04-03 09:44:24,94
2015-04-03 09:44:29,97
2015-04-03 09:44:34,90
2015-04-03 09:44:39,81
2015-04-03 09:44:44,81
2015-04-03 09:44:49,82
2015-04-03 09:44:54,74
2015-04-03 09:44:59,81
2015-04-03 09:45:04,80
2015-04-03 09:45:09,81
2015-04-03 09:45:14,84
2015-04-03 09:45:19,82
2015-04-03 09:45:24,80
2015-04-03 09:45:29,81
2015-04-03 09:45:34,78
2015-04-03 09:45:39,80
2015-04-03 09:45:44,82
2015-04-03 09:45:49,81
2015-04-03 09:45:54,86
2015-04-03 09:45:59,85
2015-04-03 09:46:04,89
2015-04-03 09:46:09,83
2015-04-03 09:46:14,89
2015-04-03 09:46:19,90
2015-04-03 09:46:24,85
2015-04-03 09:46:29,78
2015-04-03 09:46:34,78
2015-04-03 09:46:39,83
2015-04-03 09:46:44,81
2015-04-03 09:46:49,80
2015-04-03 09:46:54,80
2015-04-03 09:46:59,79
2015-04-03 09:47:04,79
2015-04-03 09:47:09,84
2015-04-03 09:47:14,81
2015-04-03 09:47:19,82
2015-04-03 09:47:24,81
2015-04-03 09:47:29,86
2015-04-03 09:47:34,86
2015-04-03 09:47:39,85
2015-04-03 09:47:44,86
2015-04-03 09:47:49,86
2015-04-03 09:47:54,86
2015-04-03 09:47:59,86
2015-04-03 09:48:04,87
2015-04-03 09:48:09,94
2015-04-03 09:48:14,84
2015-04-03 09:48:19,77
2015-04-03 09:48:24,77
2015-04-03 09:48:29,74
2015-04-03 09:48:34,73
2015-04-03 09:48:39,82
2015-04-03 09:48:44,77
2015-04-03 09:48:49,75
2015-04-03 09:48:54,75
2015-04-03 09:48:59,85
2015-04-03 09:49:04,90
2015-04-03 09:49:09,76
2015-04-03 09:49:14,72
2015-04-03 09:49:19,74
2015-04-03 09:49:24,80
2015-04-03 09:49:29,86
2015-04-03 09:49:34,84
2015-04-03 09:49:39,81
2015-04-03 09:49:44,83
2015-04-03 09:49:49,82
2015-04-03 09:49:54,82
2015-04-03 09:49:59,83
2015-04-03 09:50:04,77
2015-04-03 09:50:09,79
2015-04-03 09:50:14,86
2015-04-03 09:50:19,85
2015-04-03 09:50:24,78
2015-04-03 09:50:29,74
2015-04-03 09:50:34,72
2015-04-03 09:50:39,73
2015-04-03 09:50:44,76
2015-04-03 09:50:49,77
2015-04-03 09:50:54,82
2015-04-03 09:50:59,88
2015-04-03 09:51:04,87
2015-04-03 09:51:09,84
2015-04-03 09:51:14,83
2015-04-03 09:51:19,84
2015-04-03 09:51:24,84
2015-04-03 09:51:29,91
2015-04-03 09:51:34,92
2015-04-03 09:51:39,91
2015-04-03 09:51:44,85
2015-04-03 09:51:49,79
2015-04-03 09:51:54,78
2015-04-03 09:51:59,77
2015-04-03 09:52:04,78
2015-04-03 09:52:09,79
2015-04-03 09:52:14,81
2015-04-03 09:52:19,80
2015-04-03 09:52:24,84
2015-04-03 09:52:29,80
2015-04-03 09:52:34,80
2015-04-03 09:52:39,80
2015-04-03 09:52:44,80
2015-04-03 09:52:49,81
2015-04-03 09:52:54,84
2015-04-03 09:52:59,83
2015-04-03 09:53:04,83
2015-04-03 09:53:09,88
2015-04-03 09:53:14,90
2015-04-03 09:53:19,94
2015-04-03 09:53:24,79
2015-04-03 09:53:29,83
2015-04-03 09:53:34,83
2015-04-03 09:53:39,78
2015-04-03 09:53:44,86
2015-04-03 09:53:49,89
2015-04-03 09:53:54,91
2015-04-03 09:53:59,89
2015-04-03 09:54:04,82
2015-04-03 09:54:09,74
2015-04-03 09:54:14,87
2015-04-03 09:54:19,95
2015-04-03 09:54:24,91
2015-04-03 09:54:29,87
2015-04-03 09:54:34,85
2015-04-03 09:54:39,85
2015-04-03 09:54:44,78
2015-04-03 09:54:49,79
2015-04-03 09:54:54,88
2015-04-03 09:54:59,81
2015-04-03 09:55:04,83
2015-04-03 09:55:09,79
2015-04-03 09:55:14,86
2015-04-03 09:55:19,84
2015-04-03 09:55:24,76
2015-04-03 09:55:29,76
2015-04-03 09:55:34,73
2015-04-03 09:55:39,73
2015-04-03 09:55:44,78
2015-04-03 09:55:49,76
2015-04-03 09:55:54,73
2015-04-03 09:55:59,70
2015-04-03 09:56:04,73
2015-04-03 09:56:09,74
2015-04-03 09:56:14,77
2015-04-03 09:56:19,79
2015-04-03 09:56:24,84
2015-04-03 09:56:29,77
2015-04-03 09:56:34,78
2015-04-03 09:56:39,81
2015-04-03 09:56:44,83
2015-04-03 09:56:49,83
2015-04-03 09:56:54,82
2015-04-03 09:56:59,81
2015-04-03 09:57:04,82
2015-04-03 09:57:09,81
2015-04-03 09:57:14,81
2015-04-03 09:57:19,83
2015-04-03 09:57:24,83
2015-04-03 09:57:29,84
2015-04-03 09:57:34,82
2015-04-03 09:57:39,82
2015-04-03 09:57:44,80
2015-04-03 09:57:49,81
2015-04-03 09:57:54,80
2015-04-03 09:57:59,84
2015-04-03 09:58:04,84
2015-04-03 09:58:09,81
2015-04-03 09:58:14,77
2015-04-03 09:58:19,79
2015-04-03 09:58:24,77
2015-04-03 09:58:29,78
2015-04-03 09:58:34,80
2015-04-03 09:58:39,79
2015-04-03 09:58:44,81
2015-04-03 09:58:49,80
2015-04-03 09:58:54,76
2015-04-03 09:58:59,82
2015-04-03 09:59:04,81
2015-04-03 09:59:09,86
2015-04-03 09:59:14,83
2015-04-03 09:59:19,80
2015-04-03 09:59:24,82
2015-04-03 09:59:29,79
2015-04-03 09:59:34,76
2015-04-03 09:59:39,86
2015-04-03 09:59:44,83
2015-04-03 09:59:49,82
2015-04-03 09:59:54,75
2015-04-03 09:59:59,77
2015-04-03 10:00:04,79
2015-04-03 10:00:09,83
2015-04-03 10:00:14,81
2015-04-03 10:00:19,80
2015-04-03 10:00:24,79
2015-04-03 10:00:29,83
2015-04-03 10:00:34,80
2015-04-03 10:00:39,74
2015-04-03 10:00:44,79
2015-04-03 10:00:49,82
2015-04-03 10:00:54,78
2015-04-03 10:00:59,74
2015-04-03 10:01:04,73
2015-04-03 10:01:09,70
2015-04-03 10:01:14,70
2015-04-03 10:01:19,72
2015-04-03 10:01:24,74
2015-04-03 10:01:29,77
2015-04-03 10:01:34,76
2015-04-03 10:01:39,73
2015-04-03 10:01:44,72
2015-04-03 10:01:49,73
2015-04-03 10:01:54,77
2015-04-03 10:01:59,74
2015-04-03 10:02:04,74
2015-04-03 10:02:09,74
2015-04-03 10:02:14,75
2015-04-03 10:02:19,79
2015-04-03 10:02:24,81
2015-04-03 10:02:29,77
2015-04-03 10:02:34,76
2015-04-03 10:02:39,76
2015-04-03 10:02:44,78
2015-04-03 10:02:49,77
2015-04-03 10:02:54,80
2015-04-03 10:02:59,74
2015-04-03 10:03:04,69
2015-04-03 10:03:09,74
2015-04-03 10:03:14,77
2015-04-03 10:03:19,78
2015-04-03 10:03:24,81
2015-04-03 10:03:29,79
2015-04-03 10:03:34,77
2015-04-03 10:03:39,74
2015-04-03 10:03:44,79
2015-04-03 10:03:49,76
2015-04-03 10:03:54,73
2015-04-03 10:03:59,73
2015-04-03 10:04:04,77
2015-04-03 10:04:09,76
2015-04-03 10:04:14,80
2015-04-03 10:04:19,82
2015-04-03 10:04:24,74
2015-04-03 10:04:29,85
2015-04-03 10:04:34,88
2015-04-03 10:04:39,78
2015-04-03 10:04:44,72
2015-04-03 10:04:49,70
2015-04-03 10:04:54,70
2015-04-03 10:04:59,74
2015-04-03 10:05:04,76
2015-04-03 10:05:09,75
2015-04-03 10:05:14,77
2015-04-03 10:05:19,76
2015-04-03 10:05:24,77
2015-04-03 10:05:29,78
2015-04-03 10:05:34,78
2015-04-03 10:05:39,77
2015-04-03 10:05:44,79
2015-04-03 10:05:49,74
2015-04-03 10:05:54,79
2015-04-03 10:05:59,82
2015-04-03 10:06:04,87
2015-04-03 10:06:09,81
2015-04-03 10:06:14,80
2015-04-03 10:06:19,79
2015-04-03 10:06:24,79
2015-04-03 10:06:29,79
2015-04-03 10:06:34,77
2015-04-03 10:06:39,77
2015-04-03 10:06:44,75
2015-04-03 10:06:49,74
2015-04-03 10:06:54,77
2015-04-03 10:06:59,78
2015-04-03 10:07:04,75
2015-04-03 10:07:09,75
2015-04-03 10:07:14,75
2015-04-03 10:07:19,76
2015-04-03 10:07:24,78
2015-04-03 10:07:29,74
2015-04-03 10:07:34,74
2015-04-03 10:07:39,75
2015-04-03 10:07:44,79
2015-04-03 10:07:49,74
2015-04-03 10:07:54,74
2015-04-03 10:07:59,76
2015-04-03 10:08:04,77
2015-04-03 10:08:09,76
2015-04-03 10:08:14,73
2015-04-03 10:08:19,76
2015-04-03 10:08:24,79
2015-04-03 10:08:29,77
2015-04-03 10:08:34,75
2015-04-03 10:08:39,78
2015-04-03 10:08:44,80
2015-04-03 10:08:49,82
2015-04-03 10:08:54,76
2015-04-03 10:08:59,76
2015-04-03 10:09:04,76
2015-04-03 10:09:09,79
2015-04-03 10:09:14,72
2015-04-03 10:09:19,72
2015-04-03 10:09:24,73
2015-04-03 10:09:29,75
2015-04-03 10:09:34,80
2015-04-03 10:09:39,79
2015-04-03 10:09:44,77
2015-04-03 10:09:49,75
2015-04-03 10:09:54,76
2015-04-03 10:09:59,76
2015-04-03 10:10:04,80
2015-04-03 10:10:09,81
2015-04-03 10:10:14,74
2015-04-03 10:10:19,75
2015-04-03 10:10:24,73
2015-04-03 10:10:29,76
2015-04-03 10:10:34,79
2015-04-03 10:10:39,75
2015-04-03 10:10:44,74
2015-04-03 10:10:49,74
2015-04-03 10:10:54,74
2015-04-03 10:10:59,76
2015-04-03 10:11:04,76
2015-04-03 10:11:09,75
2015-04-03 10:11:14,76
2015-04-03 10:11:19,75
2015-04-03 10:11:24,77
2015-04-03 10:11:29,75
2015-04-03 10:11:34,77
2015-04-03 10:11:39,76
2015-04-03 10:11:44,86
2015-04-03 10:11:49,95
2015-04-03 10:11:54,106
2015-04-03 10:11:59,97
2015-04-03 10:12:04,95
2015-04-03 10:12:09,94
2015-04-03 10:12:14,96
2015-04-03 10:12:19,92
2015-04-03 10:12:24,94
2015-04-03 10:12:29,95
2015-04-03 10:12:34,87
2015-04-03 10:12:39,83
2015-04-03 10:12:44,80
2015-04-03 10:12:49,73
2015-04-03 10:12:54,72
2015-04-03 10:12:59,70
2015-04-03 10:13:04,70
2015-04-03 10:13:09,72
2015-04-03 10:13:14,76
2015-04-03 10:13:19,83
2015-04-03 10:13:24,98
2015-04-03 10:13:29,96
2015-04-03 10:13:34,89
2015-04-03 10:13:39,84
2015-04-03 10:13:44,84
2015-04-03 10:13:49,87
2015-04-03 10:13:54,93
2015-04-03 10:13:59,83
2015-04-03 10:14:04,80
2015-04-03 10:14:09,82
2015-04-03 10:14:14,75
2015-04-03 10:14:19,81
2015-04-03 10:14:24,96
2015-04-03 10:14:29,96
2015-04-03 10:14:34,97
2015-04-03 10:14:39,90
2015-04-03 10:14:44,91
2015-04-03 10:14:49,91
2015-04-03 10:14:54,92
2015-04-03 10:14:59,96
2015-04-03 10:15:04,96
2015-04-03 10:15:09,100
2015-04-03 10:15:14,103
2015-04-03 10:15:19,102
2015-04-03 10:15:24,104
2015-04-03 10:15:29,102
2015-04-03 10:15:34,104
2015-04-03 10:15:39,106
2015-04-03 10:15:44,118
2015-04-03 10:15:49,120
2015-04-03 10:15:54,114
2015-04-03 10:15:59,121
2015-04-03 10:16:04,110
2015-04-03 10:16:09,88
2015-04-03 10:16:14,94
2015-04-03 10:16:19,89
2015-04-03 10:16:24,86
2015-04-03 10:16:29,82
2015-04-03 10:16:34,80
2015-04-03 10:16:39,88
2015-04-03 10:16:44,84
2015-04-03 10:16:49,86
2015-04-03 10:16:54,89
2015-04-03 10:16:59,87
2015-04-03 10:17:04,87
2015-04-03 10:17:09,85
2015-04-03 10:17:14,87
2015-04-03 10:17:19,82
2015-04-03 10:17:24,76
2015-04-03 10:17:29,74
2015-04-03 10:17:34,70
2015-04-03 10:17:39,71
2015-04-03 10:17:44,73
2015-04-03 10:17:49,75
2015-04-03 10:17:54,73
2015-04-03 10:17:59,71
2015-04-03 10:18:04,70
2015-04-03 10:18:09,69
2015-04-03 10:18:14,70
2015-04-03 10:18:19,71
2015-04-03 10:18:24,73
2015-04-03 10:18:29,75
2015-04-03 10:18:34,73
2015-04-03 10:18:39,70
2015-04-03 10:18:44,76
2015-04-03 10:18:49,75
2015-04-03 10:18:54,71
2015-04-03 10:18:59,71
2015-04-03 10:19:04,71
2015-04-03 10:19:09,72
2015-04-03 10:19:14,70
2015-04-03 10:19:19,72
2015-04-03 10:19:24,71
2015-04-03 10:19:29,71
2015-04-03 10:19:34,72
2015-04-03 10:19:39,71
2015-04-03 10:19:44,71
2015-04-03 10:19:49,70
2015-04-03 10:19:54,70
2015-04-03 10:19:59,70
2015-04-03 10:20:04,72
2015-04-03 10:20:09,77
2015-04-03 10:20:14,81
2015-04-03 10:20:19,77
2015-04-03 10:20:24,74
2015-04-03 10:20:29,74
2015-04-03 10:20:34,73
2015-04-03 10:20:39,75
2015-04-03 10:20:44,75
2015-04-03 10:20:49,75
2015-04-03 10:20:54,72
2015-04-03 10:20:59,76
2015-04-03 10:21:04,79
2015-04-03 10:21:09,74
2015-04-03 10:21:14,75
2015-04-03 10:21:19,77
2015-04-03 10:21:24,74
2015-04-03 10:21:29,74
2015-04-03 10:21:34,73
2015-04-03 10:21:39,74
2015-04-03 10:21:44,83
2015-04-03 10:21:49,86
2015-04-03 10:21:54,84
2015-04-03 10:21:59,77
2015-04-03 10:22:04,73
2015-04-03 10:22:09,71
2015-04-03 10:22:14,71
2015-04-03 10:22:19,71
2015-04-03 10:22:24,74
2015-04-03 10:22:29,79
2015-04-03 10:22:34,82
2015-04-03 10:22:39,79
2015-04-03 10:22:44,77
2015-04-03 10:22:49,78
2015-04-03 10:22:54,76
2015-04-03 10:22:59,75
2015-04-03 10:23:04,74
2015-04-03 10:23:09,75
2015-04-03 10:23:14,77
2015-04-03 10:23:19,77
2015-04-03 10:23:24,80
2015-04-03 10:23:29,82
2015-04-03 10:23:34,80
2015-04-03 10:23:39,74
2015-04-03 10:23:44,78
2015-04-03 10:23:49,77
2015-04-03 10:23:54,77
2015-04-03 10:23:59,85
2015-04-03 10:24:04,86
2015-04-03 10:24:09,85
2015-04-03 10:24:14,82
2015-04-03 10:24:19,79
2015-04-03 10:24:24,74
2015-04-03 10:24:29,75
2015-04-03 10:24:34,75
2015-04-03 10:24:39,76
2015-04-03 10:24:44,77
2015-04-03 10:24:49,77
2015-04-03 10:24:54,76
2015-04-03 10:24:59,76
2015-04-03 10:25:04,77
2015-04-03 10:25:09,78
2015-04-03 10:25:14,80
2015-04-03 10:25:19,80
2015-04-03 10:25:24,80
2015-04-03 10:25:29,80
2015-04-03 10:25:34,80
2015-04-03 10:25:39,76
2015-04-03 10:25:44,78
2015-04-03 10:25:49,77
2015-04-03 10:25:54,77
2015-04-03 10:25:59,77
2015-04-03 10:26:04,76
2015-04-03 10:26:09,79
2015-04-03 10:26:14,79
2015-04-03 10:26:19,81
2015-04-03 10:26:24,85
2015-04-03 10:26:29,84
2015-04-03 10:26:34,82
2015-04-03 10:26:39,79
2015-04-03 10:26:44,84
2015-04-03 10:26:49,84
2015-04-03 10:26:54,79
2015-04-03 10:26:59,77
2015-04-03 10:27:04,76
2015-04-03 10:27:09,78
2015-04-03 10:27:14,72
2015-04-03 10:27:19,72
2015-04-03 10:27:24,73
2015-04-03 10:27:29,75
2015-04-03 10:27:34,76
2015-04-03 10:27:39,74
2015-04-03 10:27:44,74
2015-04-03 10:27:49,74
2015-04-03 10:27:54,80
2015-04-03 10:27:59,76
2015-04-03 10:28:04,77
2015-04-03 10:28:09,76
2015-04-03 10:28:14,78
2015-04-03 10:28:19,77
2015-04-03 10:28:24,76
2015-04-03 10:28:29,73
2015-04-03 10:28:34,71
2015-04-03 10:28:39,76
2015-04-03 10:28:44,74
2015-04-03 10:28:49,75
2015-04-03 10:28:54,80
2015-04-03 10:28:59,81
2015-04-03 10:29:04,78
2015-04-03 10:29:09,80
2015-04-03 10:29:14,82
2015-04-03 10:29:19,79
2015-04-03 10:29:24,82
2015-04-03 10:29:29,80
2015-04-03 10:29:34,77
2015-04-03 10:29:39,85
2015-04-03 10:29:44,80
2015-04-03 10:29:49,78
2015-04-03 10:29:54,78
2015-04-03 10:29:59,81
2015-04-03 10:30:04,83
2015-04-03 10:30:09,76
2015-04-03 10:30:14,80
2015-04-03 10:30:19,81
2015-04-03 10:30:24,81
2015-04-03 10:30:29,84
2015-04-03 10:30:34,84
2015-04-03 10:30:39,77
2015-04-03 10:30:44,83
2015-04-03 10:30:49,84
2015-04-03 10:30:54,77
2015-04-03 10:30:59,80
2015-04-03 10:31:04,80
2015-04-03 10:31:09,80
2015-04-03 10:31:14,83
2015-04-03 10:31:19,81
2015-04-03 10:31:24,77
2015-04-03 10:31:29,83
2015-04-03 10:31:34,81
2015-04-03 10:31:39,77
2015-04-03 10:31:44,76
2015-04-03 10:31:49,77
2015-04-03 10:31:54,77
2015-04-03 10:31:59,86
2015-04-03 10:32:04,84
2015-04-03 10:32:09,80
2015-04-03 10:32:14,76
2015-04-03 10:32:19,77
2015-04-03 10:32:24,77
2015-04-03 10:32:29,78
2015-04-03 10:32:34,77
2015-04-03 10:32:39,76
2015-04-03 10:32:44,80
2015-04-03 10:32:49,79
2015-04-03 10:32:54,78
2015-04-03 10:32:59,73
2015-04-03 10:33:04,71
2015-04-03 10:33:09,81
2015-04-03 10:33:14,80
2015-04-03 10:33:19,82
2015-04-03 10:33:24,88
2015-04-03 10:33:29,80
2015-04-03 10:33:34,83
2015-04-03 10:33:39,84
2015-04-03 10:33:44,81
2015-04-03 10:33:49,75
2015-04-03 10:33:54,83
2015-04-03 10:33:59,83
2015-04-03 10:34:04,80
2015-04-03 10:34:09,75
2015-04-03 10:34:14,76
2015-04-03 10:34:19,78
2015-04-03 10:34:24,81
2015-04-03 10:34:29,74
2015-04-03 10:34:34,72
2015-04-03 10:34:39,74
2015-04-03 10:34:44,73
2015-04-03 10:34:49,73
2015-04-03 10:34:54,76
2015-04-03 10:34:59,75
2015-04-03 10:35:04,75
2015-04-03 10:35:09,78
2015-04-03 10:35:14,79
2015-04-03 10:35:19,79
2015-04-03 10:35:24,77
2015-04-03 10:35:29,77
2015-04-03 10:35:34,85
2015-04-03 10:35:39,83
2015-04-03 10:35:44,79
2015-04-03 10:35:49,78
2015-04-03 10:35:54,79
2015-04-03 10:35:59,72
2015-04-03 10:36:04,74
2015-04-03 10:36:09,77
2015-04-03 10:36:14,76
2015-04-03 10:36:19,76
2015-04-03 10:36:24,77
2015-04-03 10:36:29,84
2015-04-03 10:36:34,84
2015-04-03 10:36:39,75
2015-04-03 10:36:44,76
2015-04-03 10:36:49,80
2015-04-03 10:36:54,82
2015-04-03 10:36:59,93
2015-04-03 10:37:04,89
2015-04-03 10:37:09,74
2015-04-03 10:37:14,70
2015-04-03 10:37:19,75
2015-04-03 10:37:24,85
2015-04-03 10:37:29,85
2015-04-03 10:37:34,90
2015-04-03 10:37:39,84
2015-04-03 10:37:44,76
2015-04-03 10:37:49,74
2015-04-03 10:37:54,74
2015-04-03 10:37:59,75
2015-04-03 10:38:04,77
2015-04-03 10:38:09,74
2015-04-03 10:38:14,72
2015-04-03 10:38:19,73
2015-04-03 10:38:24,72
2015-04-03 10:38:29,84
2015-04-03 10:38:34,81
2015-04-03 10:38:39,75
2015-04-03 10:38:44,73
2015-04-03 10:38:49,73
2015-04-03 10:38:54,72
2015-04-03 10:38:59,73
2015-04-03 10:39:04,71
2015-04-03 10:39:09,70
2015-04-03 10:39:14,70
2015-04-03 10:39:19,69
2015-04-03 10:39:24,71
2015-04-03 10:39:29,75
2015-04-03 10:39:34,74
2015-04-03 10:39:39,75
2015-04-03 10:39:44,72
2015-04-03 10:39:49,70
2015-04-03 10:39:54,77
2015-04-03 10:39:59,77
2015-04-03 10:40:04,77
2015-04-03 10:40:09,77
2015-04-03 10:40:14,81
2015-04-03 10:40:19,79
2015-04-03 10:40:24,81
2015-04-03 10:40:29,78
2015-04-03 10:40:34,78
2015-04-03 10:40:39,77
2015-04-03 10:40:44,81
2015-04-03 10:40:49,80
2015-04-03 10:40:54,79
2015-04-03 10:40:59,77
2015-04-03 10:41:04,82
2015-04-03 10:41:09,85
2015-04-03 10:41:14,78
2015-04-03 10:41:19,77
2015-04-03 10:41:24,73
2015-04-03 10:41:29,70
2015-04-03 10:41:34,75
2015-04-03 10:41:39,75
2015-04-03 10:41:44,73
2015-04-03 10:41:49,72
2015-04-03 10:41:54,75
2015-04-03 10:41:59,74
2015-04-03 10:42:04,72
2015-04-03 10:42:09,69
2015-04-03 10:42:14,68
2015-04-03 10:42:19,71
2015-04-03 10:42:24,75
2015-04-03 10:42:29,75
2015-04-03 10:42:34,75
2015-04-03 10:42:39,75
2015-04-03 10:42:44,74
2015-04-03 10:42:49,72
2015-04-03 10:42:54,75
2015-04-03 10:42:59,74
2015-04-03 10:43:04,74
2015-04-03 10:43:09,74
2015-04-03 10:43:14,78
2015-04-03 10:43:19,75
2015-04-03 10:43:24,72
2015-04-03 10:43:29,74
2015-04-03 10:43:34,74
2015-04-03 10:43:39,80
2015-04-03 10:43:44,82
2015-04-03 10:43:49,82
2015-04-03 10:43:54,77
2015-04-03 10:43:59,82
2015-04-03 10:44:04,76
2015-04-03 10:44:09,75
2015-04-03 10:44:14,83
2015-04-03 10:44:19,81
2015-04-03 10:44:24,73
2015-04-03 10:44:29,78
2015-04-03 10:44:34,81
2015-04-03 10:44:39,83
2015-04-03 10:44:44,82
2015-04-03 10:44:49,78
2015-04-03 10:44:54,82
2015-04-03 10:44:59,83
2015-04-03 10:45:04,83
2015-04-03 10:45:09,80
2015-04-03 10:45:14,81
2015-04-03 10:45:19,78
2015-04-03 10:45:24,78
2015-04-03 10:45:29,74
2015-04-03 10:45:34,79
2015-04-03 10:45:39,82
2015-04-03 10:45:44,78
2015-04-03 10:45:49,80
2015-04-03 10:45:54,76
2015-04-03 10:45:59,74
2015-04-03 10:46:04,77
2015-04-03 10:46:09,77
2015-04-03 10:46:14,74
2015-04-03 10:46:19,76
2015-04-03 10:46:24,75
2015-04-03 10:46:29,76
2015-04-03 10:46:34,77
2015-04-03 10:46:39,76
2015-04-03 10:46:44,76
2015-04-03 10:46:49,78
2015-04-03 10:46:54,81
2015-04-03 10:46:59,80
2015-04-03 10:47:04,77
2015-04-03 10:47:09,76
2015-04-03 10:47:14,72
2015-04-03 10:47:19,75
2015-04-03 10:47:24,83
2015-04-03 10:47:29,77
2015-04-03 10:47:34,75
2015-04-03 10:47:39,76
2015-04-03 10:47:44,71
2015-04-03 10:47:49,71
2015-04-03 10:47:54,73
2015-04-03 10:47:59,73
2015-04-03 10:48:04,74
2015-04-03 10:48:09,76
2015-04-03 10:48:14,75
2015-04-03 10:48:19,76
2015-04-03 10:48:24,78
2015-04-03 10:48:29,81
2015-04-03 10:48:34,80
2015-04-03 10:48:39,78
2015-04-03 10:48:44,78
2015-04-03 10:48:49,83
2015-04-03 10:48:54,81
2015-04-03 10:48:59,75
2015-04-03 10:49:04,74
2015-04-03 10:49:09,74
2015-04-03 10:49:14,76
2015-04-03 10:49:19,77
2015-04-03 10:49:24,73
2015-04-03 10:49:29,73
2015-04-03 10:49:34,76
2015-04-03 10:49:39,75
2015-04-03 10:49:44,74
2015-04-03 10:49:49,81
2015-04-03 10:49:54,82
2015-04-03 10:49:59,81
2015-04-03 10:50:04,81
2015-04-03 10:50:09,75
2015-04-03 10:50:14,70
2015-04-03 10:50:19,76
2015-04-03 10:50:24,71
2015-04-03 10:50:29,75
2015-04-03 10:50:34,79
2015-04-03 10:50:39,76
2015-04-03 10:50:44,73
2015-04-03 10:50:49,74
2015-04-03 10:50:54,78
2015-04-03 10:50:59,73
2015-04-03 10:51:04,72
2015-04-03 10:51:09,75
2015-04-03 10:51:14,77
2015-04-03 10:51:19,75
2015-04-03 10:51:24,72
2015-04-03 10:51:29,74
2015-04-03 10:51:34,79
2015-04-03 10:51:39,84
2015-04-03 10:51:44,78
2015-04-03 10:51:49,74
2015-04-03 10:51:54,79
2015-04-03 10:51:59,81
2015-04-03 10:52:04,86
2015-04-03 10:52:09,76
2015-04-03 10:52:14,82
2015-04-03 10:52:19,80
2015-04-03 10:52:24,69
2015-04-03 10:52:29,70
2015-04-03 10:52:34,70
2015-04-03 10:52:39,71
2015-04-03 10:52:44,73
2015-04-03 10:52:49,77
2015-04-03 10:52:54,76
2015-04-03 10:52:59,72
2015-04-03 10:53:04,72
2015-04-03 10:53:09,71
2015-04-03 10:53:14,72
2015-04-03 10:53:19,73
2015-04-03 10:53:24,74
2015-04-03 10:53:29,75
2015-04-03 10:53:34,80
2015-04-03 10:53:39,81
2015-04-03 10:53:44,78
2015-04-03 10:53:49,81
2015-04-03 10:53:54,75
2015-04-03 10:53:59,78
2015-04-03 10:54:04,79
2015-04-03 10:54:09,81
2015-04-03 10:54:14,82
2015-04-03 10:54:19,81
2015-04-03 10:54:24,76
2015-04-03 10:54:29,79
2015-04-03 10:54:34,80
2015-04-03 10:54:39,85
2015-04-03 10:54:44,89
2015-04-03 10:54:49,85
2015-04-03 10:54:54,72
2015-04-03 10:54:59,72
2015-04-03 10:55:04,71
2015-04-03 10:55:09,78
2015-04-03 10:55:14,69
2015-04-03 10:55:19,68
2015-04-03 10:55:24,75
2015-04-03 10:55:29,80
2015-04-03 10:55:34,80
2015-04-03 10:55:39,83
2015-04-03 10:55:44,70
2015-04-03 10:55:49,67
2015-04-03 10:55:54,81
2015-04-03 10:55:59,83
2015-04-03 10:56:04,78
2015-04-03 10:56:09,68
2015-04-03 10:56:14,72
2015-04-03 10:56:19,72
2015-04-03 10:56:24,66
2015-04-03 10:56:29,70
2015-04-03 10:56:34,70
2015-04-03 10:56:39,68
2015-04-03 10:56:44,69
2015-04-03 10:56:49,70
2015-04-03 10:56:54,69
2015-04-03 10:56:59,70
2015-04-03 10:57:04,74
2015-04-03 10:57:09,73
2015-04-03 10:57:14,73
2015-04-03 10:57:19,70
2015-04-03 10:57:24,68
2015-04-03 10:57:29,67
2015-04-03 10:57:34,68
2015-04-03 10:57:39,73
2015-04-03 10:57:44,82
2015-04-03 10:57:49,76
2015-04-03 10:57:54,72
2015-04-03 10:57:59,73
2015-04-03 10:58:04,72
2015-04-03 10:58:09,73
2015-04-03 10:58:14,76
2015-04-03 10:58:19,79
2015-04-03 10:58:24,73
2015-04-03 10:58:29,70
2015-04-03 10:58:34,73
2015-04-03 10:58:39,83
2015-04-03 10:58:44,75
2015-04-03 10:58:49,76
2015-04-03 10:58:54,71
2015-04-03 10:58:59,67
2015-04-03 10:59:04,68
2015-04-03 10:59:09,71
2015-04-03 10:59:14,74
2015-04-03 10:59:19,72
2015-04-03 10:59:24,74
2015-04-03 10:59:29,72
2015-04-03 10:59:34,70
2015-04-03 10:59:39,70
2015-04-03 10:59:44,74
2015-04-03 10:59:49,74
2015-04-03 10:59:54,76
2015-04-03 10:59:59,75
2015-04-03 11:00:04,75
2015-04-03 11:00:09,77
2015-04-03 11:00:14,78
2015-04-03 11:00:19,85
2015-04-03 11:00:24,78
2015-04-03 11:00:29,74
2015-04-03 11:00:34,72
2015-04-03 11:00:39,73
2015-04-03 11:00:44,71
2015-04-03 11:00:49,67
2015-04-03 11:00:54,67
2015-04-03 11:00:59,72
2015-04-03 11:01:04,76
2015-04-03 11:01:09,74
2015-04-03 11:01:14,74
2015-04-03 11:01:19,74
2015-04-03 11:01:24,72
2015-04-03 11:01:29,70
2015-04-03 11:01:34,73
2015-04-03 11:01:39,76
2015-04-03 11:01:44,82
2015-04-03 11:01:49,79
2015-04-03 11:01:54,77
2015-04-03 11:01:59,75
2015-04-03 11:02:04,73
2015-04-03 11:02:09,79
2015-04-03 11:02:14,70
2015-04-03 11:02:19,70
2015-04-03 11:02:24,77
2015-04-03 11:02:29,64
2015-04-03 11:02:34,65
2015-04-03 11:02:39,73
2015-04-03 11:02:44,75
2015-04-03 11:02:49,74
2015-04-03 11:02:54,74
2015-04-03 11:02:59,75
2015-04-03 11:03:04,76
2015-04-03 11:03:09,78
2015-04-03 11:03:14,78
2015-04-03 11:03:19,79
2015-04-03 11:03:24,88
2015-04-03 11:03:29,86
2015-04-03 11:03:34,84
2015-04-03 11:03:39,73
2015-04-03 11:03:44,71
2015-04-03 11:03:49,70
2015-04-03 11:03:54,69
2015-04-03 11:03:59,76
2015-04-03 11:04:04,75
2015-04-03 11:04:09,71
2015-04-03 11:04:14,68
2015-04-03 11:04:19,68
2015-04-03 11:04:24,71
2015-04-03 11:04:29,72
2015-04-03 11:04:34,71
2015-04-03 11:04:39,75
2015-04-03 11:04:44,73
2015-04-03 11:04:49,73
2015-04-03 11:04:54,75
2015-04-03 11:04:59,74
2015-04-03 11:05:04,74
2015-04-03 11:05:09,72
2015-04-03 11:05:14,71
2015-04-03 11:05:19,74
2015-04-03 11:05:24,74
2015-04-03 11:05:29,73
2015-04-03 11:05:34,73
2015-04-03 11:05:39,72
2015-04-03 11:05:44,75
2015-04-03 11:05:49,77
2015-04-03 11:05:54,75
2015-04-03 11:05:59,74
2015-04-03 11:06:04,76
2015-04-03 11:06:09,77
2015-04-03 11:06:14,73
2015-04-03 11:06:19,71
2015-04-03 11:06:24,75
2015-04-03 11:06:29,78
2015-04-03 11:06:34,78
2015-04-03 11:06:39,78
2015-04-03 11:06:44,74
2015-04-03 11:06:49,74
2015-04-03 11:06:54,79
2015-04-03 11:06:59,78
2015-04-03 11:07:04,73
2015-04-03 11:07:09,79
2015-04-03 11:07:14,75
2015-04-03 11:07:19,71
2015-04-03 11:07:24,73
2015-04-03 11:07:29,73
2015-04-03 11:07:34,75
2015-04-03 11:07:39,73
2015-04-03 11:07:44,76
2015-04-03 11:07:49,75
2015-04-03 11:07:54,74
2015-04-03 11:07:59,73
2015-04-03 11:08:04,74
2015-04-03 11:08:09,72
2015-04-03 11:08:14,74
2015-04-03 11:08:19,74
2015-04-03 11:08:24,72
2015-04-03 11:08:29,71
2015-04-03 11:08:34,70
2015-04-03 11:08:39,77
2015-04-03 11:08:44,79
2015-04-03 11:08:49,78
2015-04-03 11:08:54,80
2015-04-03 11:08:59,75
2015-04-03 11:09:04,72
2015-04-03 11:09:09,71
2015-04-03 11:09:14,72
2015-04-03 11:09:19,72
2015-04-03 11:09:24,71
2015-04-03 11:09:29,74
2015-04-03 11:09:34,76
2015-04-03 11:09:39,73
2015-04-03 11:09:44,72
2015-04-03 11:09:49,72
2015-04-03 11:09:54,72
2015-04-03 11:09:59,73
2015-04-03 11:10:04,73
2015-04-03 11:10:09,78
2015-04-03 11:10:14,74
2015-04-03 11:10:19,73
2015-04-03 11:10:24,73
2015-04-03 11:10:29,75
2015-04-03 11:10:34,77
2015-04-03 11:10:39,80
2015-04-03 11:10:44,79
2015-04-03 11:10:49,72
2015-04-03 11:10:54,70
2015-04-03 11:10:59,67
2015-04-03 11:11:04,68
2015-04-03 11:11:09,73
2015-04-03 11:11:14,74
2015-04-03 11:11:19,73
2015-04-03 11:11:24,70
2015-04-03 11:11:29,72
2015-04-03 11:11:34,72
2015-04-03 11:11:39,73
2015-04-03 11:11:44,77
2015-04-03 11:11:49,77
2015-04-03 11:11:54,75
2015-04-03 11:11:59,73
2015-04-03 11:12:04,73
2015-04-03 11:12:09,73
2015-04-03 11:12:14,69
2015-04-03 11:12:19,68
2015-04-03 11:12:24,74
2015-04-03 11:12:29,71
2015-04-03 11:12:34,72
2015-04-03 11:12:39,80
2015-04-03 11:12:44,77
2015-04-03 11:12:49,75
2015-04-03 11:12:54,72
2015-04-03 11:12:59,70
2015-04-03 11:13:04,71
2015-04-03 11:13:09,68
2015-04-03 11:13:14,70
2015-04-03 11:13:19,70
2015-04-03 11:13:24,70
2015-04-03 11:13:29,72
2015-04-03 11:13:34,70
2015-04-03 11:13:39,71
2015-04-03 11:13:44,72
2015-04-03 11:13:49,68
2015-04-03 11:13:54,67
2015-04-03 11:13:59,70
2015-04-03 11:14:04,71
2015-04-03 11:14:09,74
2015-04-03 11:14:14,74
2015-04-03 11:14:19,71
2015-04-03 11:14:24,64
2015-04-03 11:14:29,63
2015-04-03 11:14:34,63
2015-04-03 11:14:39,69
2015-04-03 11:14:44,68
2015-04-03 11:14:49,68
2015-04-03 11:14:54,69
2015-04-03 11:14:59,69
2015-04-03 11:15:04,69
2015-04-03 11:15:09,69
2015-04-03 11:15:14,70
2015-04-03 11:15:19,72
2015-04-03 11:15:24,73
2015-04-03 11:15:29,73
2015-04-03 11:15:34,76
2015-04-03 11:15:39,80
2015-04-03 11:15:44,73
2015-04-03 11:15:49,71
2015-04-03 11:15:54,70
2015-04-03 11:15:59,69
2015-04-03 11:16:04,70
2015-04-03 11:16:09,70
2015-04-03 11:16:14,70
2015-04-03 11:16:19,70
2015-04-03 11:16:24,70
2015-04-03 11:16:29,79
2015-04-03 11:16:34,76
2015-04-03 11:16:39,70
2015-04-03 11:16:44,67
2015-04-03 11:16:49,66
2015-04-03 11:16:54,66
2015-04-03 11:16:59,70
2015-04-03 11:17:04,72
2015-04-03 11:17:09,66
2015-04-03 11:17:14,70
2015-04-03 11:17:19,70
2015-04-03 11:17:24,70
2015-04-03 11:17:29,77
2015-04-03 11:17:34,74
2015-04-03 11:17:39,76
2015-04-03 11:17:44,74
2015-04-03 11:17:49,67
2015-04-03 11:17:54,66
2015-04-03 11:17:59,74
2015-04-03 11:18:04,75
2015-04-03 11:18:09,72
2015-04-03 11:18:14,67
2015-04-03 11:18:19,68
2015-04-03 11:18:24,76
2015-04-03 11:18:29,87
2015-04-03 11:18:34,95
2015-04-03 11:18:39,89
2015-04-03 11:18:44,79
2015-04-03 11:18:49,78
2015-04-03 11:18:54,78
2015-04-03 11:18:59,78
2015-04-03 11:19:04,81
2015-04-03 11:19:09,82
2015-04-03 11:19:14,87
2015-04-03 11:19:19,87
2015-04-03 11:19:24,90
2015-04-03 11:19:29,88
2015-04-03 11:19:34,88
2015-04-03 11:19:39,91
2015-04-03 11:19:44,86
2015-04-03 11:19:49,95
2015-04-03 11:19:54,111
2015-04-03 11:19:59,93
2015-04-03 11:20:04,86
2015-04-03 11:20:09,87
2015-04-03 11:20:14,87
2015-04-03 11:20:19,87
2015-04-03 11:20:24,73
2015-04-03 11:20:29,74
2015-04-03 11:20:34,76
2015-04-03 11:20:44,75
2015-04-03 11:20:49,73
2015-04-03 11:20:54,62
2015-04-03 11:20:59,62
2015-04-03 11:21:04,61
2015-04-03 11:21:09,59
2015-04-03 11:21:14,64
2015-04-03 11:21:19,65
2015-04-03 11:21:24,59
2015-04-03 11:21:29,62
2015-04-03 11:21:34,62
2015-04-03 11:21:39,62
2015-04-03 11:21:44,62
2015-04-03 11:21:49,62
2015-04-03 11:21:54,65
2015-04-03 11:22:05,60
2015-04-03 11:22:11,59
2015-04-03 11:22:14,61
2015-04-03 11:22:19,61
2015-04-03 11:22:24,64
2015-04-03 11:22:29,64
2015-04-03 11:22:35,63
2015-04-03 11:22:39,64
2015-04-03 11:22:44,64
2015-04-03 11:22:49,64
2015-04-03 11:22:54,66
2015-04-03 11:22:59,68
2015-04-03 11:23:04,64
2015-04-03 11:23:09,67
2015-04-03 11:23:14,64
2015-04-03 11:23:19,64
2015-04-03 11:23:24,65
2015-04-03 11:23:29,69
2015-04-03 11:23:34,66
2015-04-03 11:23:39,68
2015-04-03 11:23:44,65
2015-04-03 11:23:49,62
2015-04-03 11:23:54,65
2015-04-03 11:23:59,66
2015-04-03 11:24:04,63
2015-04-03 11:24:09,67
2015-04-03 11:24:14,65
2015-04-03 11:24:19,76
2015-04-03 11:24:24,75
2015-04-03 11:24:29,70
2015-04-03 11:24:34,70
2015-04-03 11:24:39,65
2015-04-03 11:24:44,67
2015-04-03 11:24:49,80
2015-04-03 11:24:54,84
2015-04-03 11:24:59,86